-- Generation time: Thu, 09 Jul 2020 06:16:01 +0000
-- Host: mysql.hostinger.ro
-- DB name: u574849695_25
/*!40030 SET NAMES UTF8 */;
/*!40101 SET @OLD_CHARACTER_SET_CLIENT=@@CHARACTER_SET_CLIENT */;
/*!40101 SET @OLD_CHARACTER_SET_RESULTS=@@CHARACTER_SET_RESULTS */;
/*!40101 SET @OLD_COLLATION_CONNECTION=@@COLLATION_CONNECTION */;
/*!40103 SET @OLD_TIME_ZONE=@@TIME_ZONE */;
/*!40103 SET TIME_ZONE='+00:00' */;
/*!40014 SET @OLD_UNIQUE_CHECKS=@@UNIQUE_CHECKS, UNIQUE_CHECKS=0 */;
/*!40014 SET @OLD_FOREIGN_KEY_CHECKS=@@FOREIGN_KEY_CHECKS, FOREIGN_KEY_CHECKS=0 */;
/*!40101 SET @OLD_SQL_MODE=@@SQL_MODE, SQL_MODE='NO_AUTO_VALUE_ON_ZERO' */;
/*!40111 SET @OLD_SQL_NOTES=@@SQL_NOTES, SQL_NOTES=0 */;

DROP DATABASE IF EXISTS beta_home_project;
CREATE DATABASE beta_home_project;
USE beta_home_project;

DROP TABLE IF EXISTS `catalogs`;
CREATE TABLE `catalogs` (
  `id` bigint(20) unsigned NOT NULL AUTO_INCREMENT,
  `name` varchar(255) COLLATE utf8_unicode_ci DEFAULT NULL COMMENT 'Название раздела',
  `is_delete` bit(1) DEFAULT b'0',
  UNIQUE KEY `id` (`id`),
  UNIQUE KEY `name` (`name`)
) ENGINE=InnoDB AUTO_INCREMENT=11 DEFAULT CHARSET=utf8 COLLATE=utf8_unicode_ci COMMENT='Разделы магазина';

INSERT INTO `catalogs` VALUES ('1','rem','0'),
('2','odit','0'),
('3','quis','0'),
('4','doloribus','0'),
('5','et','0'),
('6','suscipit','0'),
('7','earum','0'),
('8','ut','0'),
('9','quas','0'),
('10','consequuntur','0'); 


DROP TABLE IF EXISTS `discounts`;
CREATE TABLE `discounts` (
  `id` bigint(20) unsigned NOT NULL AUTO_INCREMENT,
  `user_id` bigint(20) unsigned NOT NULL,
  `product_id` bigint(20) unsigned NOT NULL,
  `discount` float unsigned DEFAULT NULL COMMENT 'Величина скидки от 0.0 до 1.0',
  `started_at` datetime DEFAULT NULL,
  `finished_at` datetime DEFAULT NULL,
  `created_at` datetime DEFAULT current_timestamp(),
  `updated_at` datetime DEFAULT current_timestamp() ON UPDATE current_timestamp(),
  UNIQUE KEY `id` (`id`),
  KEY `index_of_user_id` (`user_id`),
  KEY `index_of_product_id` (`product_id`),
  CONSTRAINT `discounts_ibfk_1` FOREIGN KEY (`user_id`) REFERENCES `users` (`id`),
  CONSTRAINT `discounts_ibfk_2` FOREIGN KEY (`product_id`) REFERENCES `products` (`id`)
) ENGINE=InnoDB AUTO_INCREMENT=101 DEFAULT CHARSET=utf8 COLLATE=utf8_unicode_ci COMMENT='Скидки';

INSERT INTO `discounts` VALUES ('1','1','1','0.11039','2018-04-13 22:32:40','1980-04-03 15:19:30','2016-10-12 00:18:35','2005-07-16 01:10:00'),
('2','2','2','0.387347','2020-04-23 14:41:46','1977-11-20 06:15:39','2009-02-03 04:50:13','2016-08-07 18:45:58'),
('3','3','3','0.774511','2008-03-24 21:08:04','1981-05-26 10:25:25','1981-04-12 21:58:36','2006-10-01 20:58:31'),
('4','4','4','1','2011-01-02 15:03:12','2001-09-06 19:15:05','2014-12-04 06:49:13','2008-07-16 19:59:31'),
('5','5','5','0.876772','1974-05-31 02:46:55','1983-09-14 23:00:24','1975-10-01 17:14:44','1983-06-06 16:26:08'),
('6','6','6','0.510468','2000-05-15 21:57:27','1990-12-20 03:23:18','1992-12-16 01:12:10','1993-01-31 10:17:35'),
('7','7','7','0.974','2016-10-04 08:28:33','1996-07-08 14:20:02','1974-12-04 02:14:44','2009-09-11 20:00:44'),
('8','8','8','0.148','1973-11-10 09:09:55','1976-09-30 13:04:20','1988-09-23 06:00:34','1994-11-04 21:10:15'),
('9','9','9','0','2007-11-28 03:47:41','1975-09-26 18:19:26','1997-11-30 21:47:49','1989-05-13 01:01:18'),
('10','10','10','1','2018-05-06 16:27:03','1988-08-03 09:45:53','1992-11-03 09:54:59','2010-04-28 18:46:25'),
('11','11','11','0.122932','1981-01-10 08:18:38','1982-01-29 00:47:51','2011-12-19 20:27:30','1999-07-29 12:03:56'),
('12','12','12','0.60179','2008-02-08 13:59:26','2019-08-01 16:47:41','2020-06-13 15:16:03','1977-03-12 01:57:54'),
('13','13','13','0.82097','2018-08-01 16:51:16','2016-12-24 23:22:10','1989-03-21 04:31:38','1989-11-08 15:14:08'),
('14','14','14','0.96476','1984-06-04 15:11:17','1977-11-07 21:01:35','1991-09-13 07:38:04','2008-03-03 20:37:39'),
('15','15','15','0.7863','1995-05-22 04:28:03','1999-08-20 14:21:20','1973-12-17 08:46:47','1984-02-07 11:38:46'),
('16','16','16','0.35641','2019-08-26 09:47:48','2009-09-23 23:22:36','2001-06-05 06:01:35','1971-11-29 04:07:39'),
('17','17','17','0.45','2011-08-27 16:11:07','1983-02-02 14:19:09','1998-05-15 02:21:13','2010-10-23 13:41:51'),
('18','18','18','0.976171','1976-08-10 01:08:25','1971-05-01 22:29:32','1981-09-16 22:01:48','1999-07-03 21:57:51'),
('19','19','19','0.129','2016-07-19 20:05:53','1999-03-19 14:23:11','1996-02-27 22:08:37','1989-05-21 21:17:21'),
('20','20','20','0.822442','1999-10-08 15:27:37','1989-05-10 14:32:57','2010-08-16 18:14:49','1999-08-16 15:42:16'),
('21','1','21','0.660444','1999-02-11 03:39:21','1987-05-26 03:54:14','1977-03-23 01:36:20','2007-01-15 19:57:18'),
('22','2','22','0.5','1993-09-26 05:43:34','1978-08-23 07:24:31','1978-07-21 12:20:03','1988-09-14 13:17:45'),
('23','3','23','0.15','1993-07-20 16:52:16','1984-08-27 04:32:34','2014-11-28 11:29:46','1970-11-27 08:30:19'),
('24','4','24','0.289829','1978-02-11 19:06:59','1985-08-05 00:36:12','1994-12-26 08:09:15','2016-10-02 23:15:27'),
('25','5','25','0.6835','1993-08-30 19:34:53','1992-10-15 01:38:10','1986-04-02 02:17:05','2018-10-07 15:57:46'),
('26','6','26','0.64356','1994-12-21 12:13:46','1985-06-04 03:33:21','2006-04-06 02:06:49','2006-04-27 21:31:44'),
('27','7','27','0.978169','1995-08-15 05:49:11','1984-07-09 16:04:16','1981-08-22 20:54:46','2001-06-07 23:09:02'),
('28','8','28','0.3261','2004-11-21 09:27:01','2007-09-11 17:55:31','1994-02-07 08:28:54','1979-03-27 12:46:43'),
('29','9','29','0.549','2014-06-26 07:53:12','1988-03-12 14:42:43','1998-08-05 20:41:34','1980-09-24 23:17:46'),
('30','10','30','0.845451','1997-09-09 06:08:04','2001-02-20 23:26:53','1983-10-16 10:25:23','1980-09-06 21:27:21'),
('31','11','31','1','1978-03-03 21:13:49','2003-04-20 07:46:10','1993-12-13 20:53:10','2006-07-25 05:27:17'),
('32','12','32','0.42044','2018-04-27 21:43:12','2004-08-24 14:03:41','1991-12-03 05:37:41','1973-03-24 12:34:23'),
('33','13','33','0.349','1990-10-23 07:42:20','2010-02-06 16:06:12','2011-09-28 13:31:50','1985-07-30 07:41:41'),
('34','14','34','0.38','2003-04-06 18:24:33','1979-03-12 08:31:18','1976-03-07 22:41:52','1986-04-10 13:46:04'),
('35','15','35','0.606461','1983-04-13 19:21:51','1970-06-22 09:06:41','2013-03-08 16:32:10','2018-06-02 17:28:48'),
('36','16','36','0.314637','1988-02-07 10:36:06','1980-09-10 05:19:59','2010-11-28 02:29:52','2000-05-09 12:08:11'),
('37','17','37','0.7056','1995-10-26 08:06:20','1975-08-12 05:05:49','1985-03-16 22:29:39','2010-12-03 07:19:56'),
('38','18','38','0.1656','1978-09-12 21:28:34','2007-09-06 16:02:44','1985-01-30 07:40:44','1977-03-30 14:01:59'),
('39','19','39','0.7','1995-05-18 22:52:41','1997-01-25 02:00:39','2019-01-15 10:43:51','1972-11-17 10:14:31'),
('40','20','40','1','2013-07-22 06:53:57','1990-11-02 14:42:53','2002-02-15 09:47:09','1971-02-27 07:22:17'),
('41','1','41','0.30067','1987-09-07 23:33:20','2013-10-12 15:47:19','1973-02-05 20:00:41','1976-03-06 16:45:08'),
('42','2','42','0.414235','1974-08-31 11:48:53','1977-01-03 19:40:31','1999-09-25 07:18:29','2006-10-07 20:33:37'),
('43','3','43','0.989519','1981-09-16 01:01:09','2019-11-20 21:42:46','2005-11-09 18:00:51','1984-03-17 16:57:16'),
('44','4','44','0.1','1978-05-04 17:48:02','1985-09-07 22:35:18','1989-11-14 06:24:34','1974-11-07 20:56:27'),
('45','5','45','0.51785','2010-05-14 06:18:23','2013-02-09 20:18:41','2017-08-22 20:17:17','1992-12-29 08:55:34'),
('46','6','46','0.636148','2000-06-10 03:30:51','1999-06-08 01:02:02','2016-06-11 11:38:58','1988-10-15 01:02:15'),
('47','7','47','1','2013-11-22 15:20:54','1978-07-25 18:04:17','1995-09-12 08:29:37','1995-07-24 23:40:05'),
('48','8','48','0.663911','2005-05-29 23:15:43','2005-09-23 06:07:21','2019-05-18 03:29:46','2013-12-28 15:25:19'),
('49','9','49','0.979209','1994-08-30 17:27:05','2008-06-20 05:55:12','1987-08-18 09:54:28','2000-01-09 07:03:11'),
('50','10','50','0.174239','2011-09-16 23:33:42','1981-05-25 09:14:42','1999-11-11 03:13:56','1972-10-16 00:56:12'),
('51','11','51','0.98','1986-09-07 23:22:09','1977-03-27 03:58:03','1989-07-12 19:02:08','1992-06-22 18:30:04'),
('52','12','52','0.6','1993-10-03 10:38:39','1980-09-16 14:35:46','2004-09-21 06:17:46','2009-08-02 09:19:53'),
('53','13','53','0.39','2012-04-06 02:26:43','2016-03-09 11:08:54','2004-06-24 03:42:32','1995-12-14 21:11:06'),
('54','14','54','0.98','1991-11-05 19:59:43','1993-07-23 12:13:52','1976-05-11 23:53:32','1983-01-29 14:17:35'),
('55','15','55','0.894307','2006-04-09 15:04:44','2014-07-01 14:53:03','2002-06-03 09:41:23','1995-12-10 02:51:50'),
('56','16','56','0.27105','2017-04-06 12:02:14','1972-11-01 17:20:21','1984-09-10 17:19:15','1993-08-25 16:34:21'),
('57','17','57','0','1976-04-25 05:16:43','1974-08-02 06:46:05','1980-08-11 06:51:06','1987-06-27 05:54:58'),
('58','18','58','0.44452','2006-12-17 13:49:15','1977-07-29 09:20:22','1976-12-26 22:09:55','1998-01-28 14:33:26'),
('59','19','59','0.2','2016-07-13 23:30:34','2007-06-07 00:06:47','2000-03-28 19:40:47','1979-04-09 11:41:37'),
('60','20','60','0.4861','2014-03-26 18:46:26','2014-06-26 22:54:44','1974-06-28 13:55:46','1984-05-30 04:30:18'),
('61','1','61','1','1994-04-30 10:04:15','1992-11-11 14:40:22','1974-12-28 11:39:38','1994-12-16 20:57:45'),
('62','2','62','0.1365','2004-02-26 23:46:28','1974-09-12 06:22:20','1990-02-19 06:28:21','1989-02-03 12:33:00'),
('63','3','63','1','1979-08-26 19:47:32','1986-06-06 15:10:35','1975-12-11 07:00:58','1999-10-01 08:51:53'),
('64','4','64','0.485597','2010-07-27 03:25:21','2005-07-02 17:09:59','1972-04-23 12:39:18','2005-01-28 08:06:50'),
('65','5','65','0.320931','1986-02-06 11:28:47','2000-09-12 23:10:13','1979-09-29 18:08:04','1980-03-25 17:02:48'),
('66','6','66','0.19485','1970-07-17 06:43:03','1970-04-12 13:51:05','1996-08-21 14:55:29','2014-02-19 11:55:46'),
('67','7','67','1','1990-08-12 08:45:14','1971-06-28 03:05:35','2013-10-23 05:25:32','1989-05-06 02:28:56'),
('68','8','68','0.14688','1984-09-28 04:59:13','2003-12-06 22:45:26','1997-05-04 09:00:37','2000-01-27 05:00:41'),
('69','9','69','0.27','1999-09-28 11:10:24','1992-11-08 18:53:56','2000-02-11 03:35:51','1987-03-30 21:37:32'),
('70','10','70','0.48','1983-11-20 17:44:21','1992-03-20 07:54:21','1971-10-13 21:30:52','2013-10-28 08:01:54'),
('71','11','71','0.14','2020-06-15 00:14:31','1982-06-03 00:27:52','2007-06-04 01:15:48','2005-07-02 04:11:17'),
('72','12','72','0.74','1995-06-29 09:43:45','1976-07-09 02:53:10','1980-12-13 05:36:01','1974-09-18 17:50:05'),
('73','13','73','0.79474','1970-03-07 03:54:05','1987-12-31 22:25:29','1985-08-16 03:57:24','2007-09-04 09:40:00'),
('74','14','74','0.754865','1996-09-04 20:01:38','1993-02-02 10:52:38','2002-12-18 20:10:33','1995-11-16 16:39:35'),
('75','15','75','0.2','1979-09-30 17:44:26','2013-03-15 07:16:07','2015-11-19 05:04:43','2020-02-07 08:26:04'),
('76','16','76','0.49','1977-09-25 03:07:04','1980-02-06 13:48:35','1990-12-14 09:43:26','2009-08-16 15:58:09'),
('77','17','77','0.292188','2003-10-21 22:12:07','2018-07-04 10:35:17','1977-03-04 15:37:23','2004-03-04 03:19:10'),
('78','18','78','0.254542','2014-04-28 23:38:59','2002-10-04 00:14:15','1998-09-16 07:26:21','1970-05-11 02:57:22'),
('79','19','79','0.417','1979-05-30 04:55:13','2011-06-02 06:00:44','2008-10-17 17:57:39','1994-05-06 10:08:40'),
('80','20','80','0.9649','1996-03-10 02:00:50','2016-06-05 11:38:35','2005-08-27 09:35:28','1995-06-06 15:23:51'),
('81','1','81','0.644','1994-06-05 16:07:46','2014-05-14 15:42:12','1988-02-26 03:06:30','1973-06-24 22:53:28'),
('82','2','82','0.86949','1982-10-11 05:37:06','1976-06-22 17:29:20','1997-10-12 11:49:33','1986-03-06 10:59:45'),
('83','3','83','0.184367','2017-06-24 07:13:33','2000-10-02 01:48:22','2018-06-05 16:04:43','2018-08-23 16:35:50'),
('84','4','84','0','1985-02-20 04:37:52','1971-10-18 23:55:25','1982-11-24 06:14:38','1985-05-22 17:25:45'),
('85','5','85','0.62766','2013-07-19 18:27:46','1977-12-16 14:55:21','1979-08-26 19:13:34','2008-09-18 13:24:35'),
('86','6','86','1','1988-06-04 22:40:16','2019-08-31 00:52:45','2014-02-09 15:11:24','1988-08-22 08:35:43'),
('87','7','87','0.370507','2003-06-24 17:42:22','1973-07-23 02:58:07','2011-06-02 23:21:16','1987-07-02 17:10:08'),
('88','8','88','0.558442','1999-05-26 18:13:50','1978-07-04 23:30:23','2015-02-11 09:53:33','2010-11-04 14:37:34'),
('89','9','89','0.438','2013-04-26 08:19:51','1991-03-17 01:04:38','1981-11-24 06:15:02','2019-06-06 03:41:25'),
('90','10','90','0.82','2020-04-11 06:23:00','1978-01-13 07:55:22','2017-01-12 06:44:44','2020-05-30 05:14:40'),
('91','11','91','0.740817','1993-08-26 00:48:01','1990-12-08 20:43:39','1979-06-21 04:52:52','2019-09-08 18:52:16'),
('92','12','92','0.252494','1974-01-09 10:04:00','1971-04-20 11:06:20','2009-06-15 18:37:53','2007-08-18 22:47:52'),
('93','13','93','0.845581','1985-12-02 18:35:52','2006-07-30 03:54:12','2007-10-07 04:09:40','2007-07-11 15:21:52'),
('94','14','94','0.936842','2011-01-05 07:16:29','1977-08-06 05:30:24','1996-02-02 06:45:15','1977-04-30 05:05:30'),
('95','15','95','0.500651','1975-03-20 05:17:53','1984-01-20 19:32:34','1983-04-03 23:22:06','1995-11-05 19:25:12'),
('96','16','96','0.11314','1982-11-07 07:31:50','2000-10-04 05:40:14','2011-12-06 23:38:42','2006-02-02 14:50:32'),
('97','17','97','0.60139','1988-11-11 19:43:24','2017-06-03 15:31:53','1989-06-25 20:28:19','1989-01-04 12:29:28'),
('98','18','98','0.27817','2013-01-14 11:05:17','1970-02-23 03:00:00','2004-02-04 05:00:58','2016-10-10 23:22:32'),
('99','19','99','0','1994-12-15 17:46:58','2000-06-02 15:07:05','2011-05-15 09:55:50','1979-04-18 02:37:25'),
('100','20','100','0.16','1973-01-11 19:05:46','2010-02-25 09:55:43','2016-11-12 01:28:08','1996-07-25 04:47:00'); 


DROP TABLE IF EXISTS `media`;
CREATE TABLE `media` (
  `product_id` bigint(20) unsigned NOT NULL,
  `media_type_id` bigint(20) unsigned NOT NULL,
  `filename` varchar(255) COLLATE utf8_unicode_ci DEFAULT NULL COMMENT 'Ссылка где будет храниться файл',
  `metadata` longtext CHARACTER SET utf8mb4 COLLATE utf8mb4_bin DEFAULT NULL CHECK (json_valid(`metadata`)),
  `created_at` datetime DEFAULT current_timestamp(),
  `updated_at` datetime DEFAULT current_timestamp() ON UPDATE current_timestamp(),
  `is_delete` bit(1) DEFAULT b'0',
  KEY `media_type_id` (`media_type_id`),
  KEY `product_id` (`product_id`),
  CONSTRAINT `media_ibfk_1` FOREIGN KEY (`media_type_id`) REFERENCES `media_type` (`id`),
  CONSTRAINT `media_ibfk_2` FOREIGN KEY (`product_id`) REFERENCES `products` (`id`)
) ENGINE=InnoDB DEFAULT CHARSET=utf8 COLLATE=utf8_unicode_ci COMMENT='Медиа файлы';

INSERT INTO `media` VALUES ('1','1','aut',NULL,'2010-11-03 11:03:49','1991-08-31 17:15:29','0'),
('2','2','minima',NULL,'2001-09-29 00:04:13','2015-07-09 15:43:37','1'),
('3','3','quod',NULL,'1991-01-15 10:53:05','1997-05-12 21:27:31','0'),
('4','4','voluptas',NULL,'1971-12-29 22:37:37','2019-10-08 18:07:17','1'),
('5','1','alias',NULL,'2019-05-24 22:08:24','2009-09-13 08:05:30','1'),
('6','2','adipisci',NULL,'1982-12-04 08:06:50','1984-06-14 09:54:29','0'),
('7','3','dicta',NULL,'2009-01-30 02:46:36','1976-06-21 14:25:56','0'),
('8','4','non',NULL,'1987-11-07 20:33:50','1998-09-02 05:06:47','1'),
('9','1','est',NULL,'1990-06-09 15:19:37','1994-12-10 22:19:24','1'),
('10','2','aut',NULL,'1977-02-03 11:10:29','2006-09-19 19:57:21','1'),
('11','3','et',NULL,'1992-03-03 09:49:55','2013-03-06 14:44:01','0'),
('12','4','iusto',NULL,'1980-04-07 15:39:06','1972-02-29 20:25:44','0'),
('13','1','quam',NULL,'2008-10-08 14:39:10','2002-06-25 02:19:19','0'),
('14','2','voluptate',NULL,'1996-02-14 04:01:30','1977-07-22 17:39:34','0'),
('15','3','reprehenderit',NULL,'2006-04-28 03:57:22','2018-07-17 02:36:04','1'),
('16','4','alias',NULL,'1970-12-09 21:50:41','2004-04-21 05:02:57','0'),
('17','1','enim',NULL,'2004-09-30 21:17:31','2014-03-27 17:59:36','1'),
('18','2','quo',NULL,'1975-08-05 01:55:43','1976-07-08 08:28:33','0'),
('19','3','explicabo',NULL,'1988-12-10 17:57:02','1974-06-12 13:31:27','1'),
('20','4','in',NULL,'2009-06-06 02:42:42','1991-01-01 00:02:07','1'),
('21','1','similique',NULL,'2009-12-21 06:46:00','1990-07-20 02:08:11','0'),
('22','2','nobis',NULL,'1980-04-09 11:09:16','1996-01-03 23:24:00','1'),
('23','3','veritatis',NULL,'1981-01-24 01:39:52','1980-07-23 11:37:05','0'),
('24','4','ut',NULL,'2006-02-16 01:33:07','1991-06-12 19:32:23','0'),
('25','1','dolor',NULL,'1997-07-23 10:12:04','2000-12-31 15:16:18','0'),
('26','2','provident',NULL,'1999-02-26 01:02:31','2000-06-09 14:30:09','1'),
('27','3','corrupti',NULL,'2017-03-23 06:41:33','1994-01-20 14:35:16','0'),
('28','4','quam',NULL,'1993-05-09 04:02:42','1998-01-05 19:21:08','0'),
('29','1','debitis',NULL,'1984-09-18 17:48:19','2014-01-30 15:19:19','1'),
('30','2','modi',NULL,'1973-03-02 18:56:15','1986-03-13 03:25:14','1'),
('31','3','rerum',NULL,'1975-07-29 21:18:21','1990-03-11 06:51:21','1'),
('32','4','corrupti',NULL,'1995-06-13 14:01:38','1989-08-10 15:40:07','0'),
('33','1','dolorem',NULL,'2000-08-05 15:01:54','1989-03-19 03:11:32','1'),
('34','2','odio',NULL,'2004-11-17 20:41:48','2011-11-13 15:12:08','0'),
('35','3','et',NULL,'1979-04-11 22:02:52','2019-07-15 08:22:38','0'),
('36','4','ducimus',NULL,'2010-01-02 23:12:56','2010-02-10 11:30:23','1'),
('37','1','aliquam',NULL,'2006-11-12 07:30:44','2019-03-26 01:16:19','0'),
('38','2','omnis',NULL,'2015-08-31 10:29:39','2015-06-12 08:16:24','1'),
('39','3','quam',NULL,'1978-03-05 09:14:00','1979-05-03 05:21:39','1'),
('40','4','quam',NULL,'2011-08-27 17:33:15','2018-01-08 01:02:41','0'),
('41','1','cupiditate',NULL,'1992-01-19 19:42:31','1982-11-14 23:10:51','0'),
('42','2','itaque',NULL,'1982-02-12 04:02:04','1987-11-27 13:59:20','0'),
('43','3','et',NULL,'2004-02-14 06:27:33','2018-09-05 22:59:27','1'),
('44','4','reprehenderit',NULL,'2012-06-22 05:40:17','1975-10-02 06:09:12','1'),
('45','1','quibusdam',NULL,'1998-12-05 08:23:43','1987-04-19 16:55:29','1'),
('46','2','laborum',NULL,'1981-03-11 07:26:53','2003-12-07 22:04:05','1'),
('47','3','similique',NULL,'2020-02-08 15:53:15','2014-06-22 01:03:15','0'),
('48','4','aliquam',NULL,'1990-01-30 06:42:25','2005-03-14 11:32:05','0'),
('49','1','ut',NULL,'2010-01-20 14:57:02','2018-08-25 08:30:12','1'),
('50','2','et',NULL,'2018-12-05 10:06:36','2011-09-25 05:09:41','0'),
('51','3','non',NULL,'1999-05-23 02:02:16','1990-04-30 15:49:55','1'),
('52','4','aut',NULL,'1988-02-29 13:17:18','2017-03-05 23:29:45','0'),
('53','1','expedita',NULL,'1988-05-24 08:39:21','1985-03-11 05:34:14','0'),
('54','2','magni',NULL,'1971-04-27 03:44:16','2015-10-24 01:41:44','0'),
('55','3','debitis',NULL,'2009-04-09 15:04:34','1988-10-08 08:22:43','0'),
('56','4','ut',NULL,'1983-11-24 03:20:16','1977-10-03 09:09:43','0'),
('57','1','sit',NULL,'2011-04-08 22:33:32','1994-01-29 14:47:51','0'),
('58','2','facere',NULL,'2018-04-02 18:34:26','2015-12-25 17:45:23','0'),
('59','3','aut',NULL,'1995-10-21 09:47:06','2005-04-14 00:35:55','0'),
('60','4','laborum',NULL,'2007-06-26 07:13:27','1978-06-23 06:31:48','1'),
('61','1','mollitia',NULL,'2006-06-07 12:59:06','1972-10-12 21:12:23','1'),
('62','2','qui',NULL,'2005-12-02 23:29:27','1980-04-18 11:55:07','1'),
('63','3','vero',NULL,'1990-01-02 23:31:11','1973-03-17 00:21:14','1'),
('64','4','dolorem',NULL,'2007-01-19 04:05:22','2017-01-26 08:36:17','1'),
('65','1','voluptatem',NULL,'2020-02-14 13:00:43','1974-04-13 22:34:11','1'),
('66','2','mollitia',NULL,'1981-11-02 10:03:44','1983-01-28 21:17:11','1'),
('67','3','aut',NULL,'2007-07-14 23:18:43','1998-02-04 13:31:46','1'),
('68','4','adipisci',NULL,'1972-03-19 10:03:00','2004-03-06 20:14:43','1'),
('69','1','quas',NULL,'1995-12-18 11:38:27','1993-04-25 02:14:24','0'),
('70','2','et',NULL,'1977-01-08 12:39:13','2001-05-28 13:29:44','0'),
('71','3','cupiditate',NULL,'1982-06-20 05:48:33','1991-11-09 02:13:55','1'),
('72','4','nihil',NULL,'1999-03-25 10:57:28','1981-05-06 15:36:16','0'),
('73','1','officia',NULL,'2007-10-31 12:19:25','1998-01-28 13:55:58','1'),
('74','2','omnis',NULL,'2000-10-31 10:38:10','1986-05-09 02:32:25','0'),
('75','3','eligendi',NULL,'1997-09-03 04:41:31','2013-01-04 08:28:50','0'),
('76','4','nam',NULL,'1982-07-08 02:31:22','1982-02-22 14:38:00','1'),
('77','1','nemo',NULL,'2018-11-18 14:02:18','1993-06-30 05:01:45','1'),
('78','2','magnam',NULL,'2008-10-03 09:21:36','1974-04-11 05:18:05','1'),
('79','3','aliquid',NULL,'2009-03-21 17:22:38','2012-07-21 05:47:02','0'),
('80','4','aut',NULL,'2006-09-03 20:14:37','2011-07-11 15:57:24','1'),
('81','1','ut',NULL,'1983-12-04 16:19:29','2017-05-28 10:37:38','0'),
('82','2','nemo',NULL,'1994-06-20 14:11:32','2019-07-20 14:43:13','1'),
('83','3','labore',NULL,'2008-08-19 09:48:40','1970-09-20 22:48:13','1'),
('84','4','voluptatibus',NULL,'2013-05-16 16:45:54','2013-11-24 02:02:21','1'),
('85','1','quia',NULL,'1986-11-17 04:42:40','2008-02-09 03:18:24','1'),
('86','2','quas',NULL,'2001-06-12 19:29:35','2000-10-20 13:38:22','0'),
('87','3','quia',NULL,'1976-04-14 08:18:33','1988-07-10 03:46:59','0'),
('88','4','ut',NULL,'1981-04-22 21:14:42','2007-10-11 11:54:14','0'),
('89','1','quia',NULL,'2010-12-17 09:02:53','2012-03-06 07:36:03','0'),
('90','2','eveniet',NULL,'1999-06-02 16:11:29','2006-01-14 08:21:58','0'),
('91','3','earum',NULL,'1976-09-29 18:42:55','1970-08-08 07:05:31','0'),
('92','4','id',NULL,'1985-03-27 21:06:59','1995-01-09 01:19:19','0'),
('93','1','magnam',NULL,'1986-09-11 15:10:56','2014-04-21 16:42:07','1'),
('94','2','cumque',NULL,'2008-03-23 19:44:51','2000-03-29 00:33:15','0'),
('95','3','perspiciatis',NULL,'1974-05-29 10:37:42','1993-05-25 07:59:04','1'),
('96','4','aut',NULL,'2018-11-14 03:48:02','2012-06-16 05:16:03','0'),
('97','1','aut',NULL,'2005-09-20 01:23:03','1978-07-10 11:30:06','0'),
('98','2','quo',NULL,'1999-06-19 18:25:22','1976-11-23 18:02:09','0'),
('99','3','reprehenderit',NULL,'1993-07-10 15:19:33','2007-04-06 03:58:06','0'),
('100','4','ea',NULL,'1993-10-14 13:41:17','1994-10-06 17:23:43','0'); 


DROP TABLE IF EXISTS `media_type`;
CREATE TABLE `media_type` (
  `id` bigint(20) unsigned NOT NULL AUTO_INCREMENT,
  `name` varchar(100) COLLATE utf8_unicode_ci DEFAULT NULL,
  `is_delete` bit(1) DEFAULT b'0',
  UNIQUE KEY `id` (`id`)
) ENGINE=InnoDB AUTO_INCREMENT=5 DEFAULT CHARSET=utf8 COLLATE=utf8_unicode_ci COMMENT='Типы данных';

INSERT INTO `media_type` VALUES ('1','quae','0'),
('2','esse','0'),
('3','reiciendis','0'),
('4','debitis','0'); 


DROP TABLE IF EXISTS `notifications`;
CREATE TABLE `notifications` (
  `to_user_id` bigint(20) unsigned NOT NULL,
  `status` enum('Да','Нет','В ожидании') COLLATE utf8_unicode_ci DEFAULT NULL,
  `created_at` datetime DEFAULT current_timestamp(),
  `updated_at` datetime DEFAULT current_timestamp() ON UPDATE current_timestamp(),
  KEY `to_user_id` (`to_user_id`),
  CONSTRAINT `notifications_ibfk_1` FOREIGN KEY (`to_user_id`) REFERENCES `users` (`id`)
) ENGINE=InnoDB DEFAULT CHARSET=utf8 COLLATE=utf8_unicode_ci;

INSERT INTO `notifications` VALUES ('1','Нет','1988-10-25 10:15:45','1995-05-12 15:15:32'),
('2','Да','1977-05-09 08:38:59','1971-05-21 05:52:37'),
('3','Нет','1990-08-08 05:05:52','1979-10-04 23:38:40'),
('4','В ожидании','1991-12-01 11:10:56','2014-07-16 16:34:37'),
('5','В ожидании','1995-04-02 21:34:54','1982-06-25 04:27:58'),
('6','Да','2003-09-22 11:03:10','1975-02-01 02:08:00'),
('7','Нет','2014-11-17 04:34:24','1983-07-25 01:30:39'),
('8','Да','2011-03-14 00:57:25','2020-02-16 14:46:29'),
('9','В ожидании','2009-03-21 17:16:38','1973-08-12 08:22:39'),
('10','Да','2017-06-01 07:30:34','2012-05-02 02:41:00'),
('11','В ожидании','1998-10-10 21:03:50','1996-07-25 06:01:40'),
('12','Нет','2002-05-18 08:10:36','2007-04-11 03:53:34'),
('13','В ожидании','2013-06-02 22:05:28','2003-06-03 13:28:21'),
('14','Да','1992-06-25 05:45:55','2004-01-13 20:20:16'),
('15','В ожидании','2019-10-12 10:22:57','1984-05-19 02:58:10'),
('16','В ожидании','1985-07-25 23:47:58','1979-05-29 12:41:08'),
('17','Да','1994-02-19 02:59:17','1973-06-05 09:23:32'),
('18','В ожидании','1988-05-16 09:36:56','1996-01-05 11:20:19'),
('19','В ожидании','2003-11-04 05:36:06','1982-09-09 22:15:21'),
('20','Да','2014-08-23 09:29:59','1998-06-06 03:44:33'); 


DROP TABLE IF EXISTS `opinions`;
CREATE TABLE `opinions` (
  `id` bigint(20) unsigned NOT NULL AUTO_INCREMENT,
  `user_id` bigint(20) unsigned NOT NULL,
  `product_id` bigint(20) unsigned NOT NULL,
  `discription` text COLLATE utf8_unicode_ci DEFAULT NULL COMMENT 'Описание',
  `created_at` datetime DEFAULT current_timestamp(),
  `updated_at` datetime DEFAULT current_timestamp() ON UPDATE current_timestamp(),
  `is_delete` bit(1) DEFAULT b'0',
  UNIQUE KEY `id` (`id`),
  KEY `user_id` (`user_id`),
  KEY `product_id` (`product_id`),
  CONSTRAINT `opinions_ibfk_1` FOREIGN KEY (`user_id`) REFERENCES `users` (`id`),
  CONSTRAINT `opinions_ibfk_2` FOREIGN KEY (`product_id`) REFERENCES `products` (`id`)
) ENGINE=InnoDB AUTO_INCREMENT=51 DEFAULT CHARSET=utf8 COLLATE=utf8_unicode_ci COMMENT='Мнения';

INSERT INTO `opinions` VALUES ('1','1','1',NULL,'1976-04-30 13:45:42','2016-01-19 15:40:43','0'),
('2','2','2',NULL,'2017-11-01 08:42:31','2003-12-05 19:49:24','0'),
('3','3','3',NULL,'1994-12-03 23:10:24','1974-01-09 12:04:24','0'),
('4','4','4',NULL,'2010-09-18 08:33:24','1988-01-06 17:32:16','1'),
('5','5','5',NULL,'2001-07-19 06:20:19','2007-10-15 15:45:19','1'),
('6','6','6',NULL,'2017-04-05 11:20:35','1971-07-10 00:06:56','0'),
('7','7','7',NULL,'1973-10-04 02:44:55','1975-04-24 05:37:52','1'),
('8','8','8',NULL,'1991-09-26 23:20:54','1986-03-17 06:16:08','1'),
('9','9','9',NULL,'1997-09-19 12:19:09','1999-03-26 19:59:37','0'),
('10','10','10',NULL,'2005-11-02 22:59:54','2002-01-29 10:58:58','1'),
('11','11','11',NULL,'2004-01-08 11:14:29','2016-02-15 00:56:14','1'),
('12','12','12',NULL,'1993-03-14 00:41:10','2000-05-28 10:29:37','1'),
('13','13','13',NULL,'1986-05-27 12:09:43','1977-03-01 19:47:36','1'),
('14','14','14',NULL,'2012-02-26 18:36:21','2020-04-15 22:15:17','0'),
('15','15','15',NULL,'1982-03-06 08:13:56','1985-04-04 17:45:55','0'),
('16','16','16',NULL,'1975-11-04 17:55:24','1984-02-14 06:39:25','1'),
('17','17','17',NULL,'2005-05-16 16:26:28','2002-02-04 00:33:50','1'),
('18','18','18',NULL,'1973-08-02 18:40:01','1989-06-19 10:28:52','0'),
('19','19','19',NULL,'2014-09-06 11:38:18','2003-07-18 21:57:16','1'),
('20','20','20',NULL,'2012-06-12 16:29:40','1988-07-28 22:28:38','1'),
('21','1','21',NULL,'1975-09-10 10:11:22','1998-03-11 11:20:02','0'),
('22','2','22',NULL,'1977-12-06 11:39:21','1993-11-25 02:48:12','0'),
('23','3','23',NULL,'2017-10-23 23:55:18','1998-10-10 20:36:22','1'),
('24','4','24',NULL,'1981-04-24 22:50:02','1971-05-26 08:29:20','0'),
('25','5','25',NULL,'2014-05-01 12:57:38','1996-01-27 18:26:46','1'),
('26','6','26',NULL,'1972-06-21 11:54:01','2019-09-14 15:58:51','1'),
('27','7','27',NULL,'2006-03-08 06:22:58','1993-09-02 08:08:50','1'),
('28','8','28',NULL,'1982-06-09 18:57:03','1974-04-25 21:02:27','0'),
('29','9','29',NULL,'2014-07-05 06:27:32','1973-05-30 14:33:06','1'),
('30','10','30',NULL,'2019-06-10 03:40:59','2014-07-19 16:08:45','1'),
('31','11','31',NULL,'1992-04-04 11:46:24','2020-06-06 07:48:10','0'),
('32','12','32',NULL,'1996-11-18 09:11:39','2012-06-30 14:15:41','1'),
('33','13','33',NULL,'1988-03-01 05:03:46','2003-08-28 10:06:50','1'),
('34','14','34',NULL,'1979-08-23 13:42:44','2010-07-26 16:58:59','0'),
('35','15','35',NULL,'2016-08-30 02:54:38','1986-08-03 19:33:09','0'),
('36','16','36',NULL,'2017-02-11 02:17:07','1995-07-16 06:31:14','0'),
('37','17','37',NULL,'2004-02-04 13:00:43','2001-04-02 06:47:35','0'),
('38','18','38',NULL,'1971-10-20 23:10:31','2017-12-26 13:00:06','0'),
('39','19','39',NULL,'2004-11-10 15:58:29','1986-11-13 04:10:37','0'),
('40','20','40',NULL,'1978-03-12 04:27:40','1985-06-23 13:34:26','0'),
('41','1','41',NULL,'1970-12-18 23:34:18','2019-02-01 20:25:55','0'),
('42','2','42',NULL,'1995-08-25 21:42:46','1980-10-04 05:20:33','0'),
('43','3','43',NULL,'1990-11-19 12:44:06','1999-04-10 07:55:59','0'),
('44','4','44',NULL,'2005-02-16 11:08:47','1990-07-31 10:38:38','0'),
('45','5','45',NULL,'2003-09-01 05:09:05','2013-02-15 06:03:45','1'),
('46','6','46',NULL,'2004-02-13 14:57:45','2002-10-01 07:10:50','1'),
('47','7','47',NULL,'1981-02-07 17:37:18','2003-01-12 06:33:58','1'),
('48','8','48',NULL,'1979-05-13 10:56:30','1989-09-20 06:54:05','0'),
('49','9','49',NULL,'2010-12-31 12:20:52','2007-07-12 18:58:26','1'),
('50','10','50',NULL,'1973-03-08 09:30:48','2008-08-04 04:57:56','1'); 


DROP TABLE IF EXISTS `orders`;
CREATE TABLE `orders` (
  `id` bigint(20) unsigned NOT NULL AUTO_INCREMENT,
  `user_id` bigint(20) unsigned NOT NULL,
  `created_at` datetime DEFAULT current_timestamp(),
  `updated_at` datetime DEFAULT current_timestamp() ON UPDATE current_timestamp(),
  `is_delete` bit(1) DEFAULT b'0',
  UNIQUE KEY `id` (`id`),
  KEY `user_id` (`user_id`),
  CONSTRAINT `orders_ibfk_1` FOREIGN KEY (`user_id`) REFERENCES `users` (`id`)
) ENGINE=InnoDB AUTO_INCREMENT=101 DEFAULT CHARSET=utf8 COLLATE=utf8_unicode_ci COMMENT='Заказы';

INSERT INTO `orders` VALUES ('1','1','1982-03-15 04:20:22','2012-09-02 19:19:31','0'),
('2','2','2009-03-18 18:52:32','2013-12-21 03:12:20','0'),
('3','3','2005-04-23 15:43:50','2016-05-20 01:06:53','0'),
('4','4','1977-03-15 18:12:45','1986-05-19 11:40:24','0'),
('5','5','2004-08-05 02:48:52','1981-10-13 06:18:32','0'),
('6','6','1988-01-10 23:46:16','2020-02-09 14:43:13','0'),
('7','7','2014-11-01 14:17:09','2001-04-23 09:24:29','0'),
('8','8','1980-12-30 08:22:55','1985-07-09 17:17:41','0'),
('9','9','2000-05-25 20:46:15','1989-07-21 19:57:51','0'),
('10','10','2015-10-02 15:48:45','2003-01-04 14:53:31','0'),
('11','11','1977-01-28 14:38:00','2011-03-19 12:30:16','0'),
('12','12','1985-04-21 13:47:21','1978-12-24 17:34:25','0'),
('13','13','1997-05-17 13:21:15','1980-03-13 17:42:27','0'),
('14','14','2018-07-08 13:43:39','2011-02-23 07:23:45','0'),
('15','15','1983-12-08 21:50:05','1986-05-29 03:28:16','0'),
('16','16','1971-06-30 19:44:48','2005-11-28 14:38:05','0'),
('17','17','1981-07-06 10:33:00','2004-09-03 16:18:16','0'),
('18','18','2008-03-11 07:55:31','2017-06-03 14:37:53','0'),
('19','19','2008-08-13 13:15:01','1980-11-20 21:11:02','0'),
('20','20','1979-02-13 17:13:03','2012-04-04 07:52:25','0'),
('21','1','2005-08-22 11:26:56','1975-10-08 14:49:41','0'),
('22','2','1988-03-26 13:33:30','2008-09-13 02:42:26','0'),
('23','3','1996-07-29 14:45:03','2012-12-16 03:49:04','0'),
('24','4','1971-04-10 22:54:35','2007-11-30 06:27:45','0'),
('25','5','2003-05-04 21:54:08','1979-10-06 23:32:07','0'),
('26','6','2007-09-18 22:46:35','1981-09-12 12:46:43','0'),
('27','7','2009-09-28 05:18:08','2016-10-05 12:36:35','0'),
('28','8','1990-08-31 21:34:45','1970-07-10 10:46:42','0'),
('29','9','1977-08-13 18:10:50','1977-05-07 08:45:07','0'),
('30','10','1976-09-13 14:34:44','2005-09-18 11:50:10','0'),
('31','11','1986-01-29 23:45:21','1994-07-17 19:08:42','0'),
('32','12','1972-08-16 11:19:34','1999-01-17 09:46:57','0'),
('33','13','2010-10-20 11:33:12','1982-08-17 20:12:11','0'),
('34','14','1974-07-30 13:31:27','2004-03-29 10:46:03','0'),
('35','15','2017-11-20 13:59:35','2001-05-19 19:31:46','0'),
('36','16','2010-05-19 08:35:42','1976-06-24 20:55:42','0'),
('37','17','2014-10-23 14:30:17','1989-09-10 22:31:08','0'),
('38','18','1970-07-17 05:58:04','1995-08-03 11:48:46','0'),
('39','19','1996-09-18 18:32:07','2014-01-06 10:53:54','0'),
('40','20','2011-06-21 01:11:38','1971-11-11 10:24:30','0'),
('41','1','1994-08-22 03:11:17','2001-05-31 01:17:50','0'),
('42','2','2000-04-13 15:02:44','1991-05-23 09:37:55','0'),
('43','3','2003-09-19 06:43:43','1983-08-22 13:18:44','0'),
('44','4','2010-04-01 19:44:12','1970-08-09 19:20:03','0'),
('45','5','2013-10-10 08:57:07','2005-07-19 17:22:16','0'),
('46','6','2010-08-21 15:25:47','1998-04-13 07:02:41','0'),
('47','7','1975-12-22 22:23:29','2006-02-22 08:58:14','0'),
('48','8','2011-11-29 22:15:39','1988-09-10 21:33:12','0'),
('49','9','1987-11-08 00:06:57','1971-07-30 15:35:08','0'),
('50','10','1986-10-31 22:24:29','1993-01-17 00:36:44','0'),
('51','11','1977-10-20 08:01:27','1995-04-01 14:48:20','0'),
('52','12','2014-10-03 15:58:46','2009-01-17 13:24:20','0'),
('53','13','1998-09-03 00:58:36','1977-07-23 06:11:50','0'),
('54','14','1994-02-09 20:18:24','1992-04-12 12:56:47','0'),
('55','15','2000-09-04 09:12:27','2010-04-15 16:45:27','0'),
('56','16','2011-04-14 21:46:33','1978-01-08 20:46:57','0'),
('57','17','1998-05-23 08:38:21','2005-03-01 07:18:35','0'),
('58','18','1974-12-13 12:47:04','1991-12-10 06:53:59','0'),
('59','19','2019-03-18 02:10:21','1988-11-27 06:38:48','0'),
('60','20','2000-08-07 17:55:31','2016-04-09 10:22:31','0'),
('61','1','1973-01-21 20:20:14','2001-07-13 18:23:05','0'),
('62','2','2006-01-23 05:06:19','2011-02-07 10:31:59','0'),
('63','3','1983-10-30 23:22:29','1983-10-23 11:41:26','0'),
('64','4','2018-10-18 23:32:18','2006-12-28 20:05:12','0'),
('65','5','2006-08-19 17:42:08','1978-02-09 20:10:27','0'),
('66','6','1975-05-03 00:05:36','1990-12-21 12:28:06','0'),
('67','7','1999-07-03 23:33:20','2003-09-29 00:16:01','0'),
('68','8','1997-09-09 07:50:32','2002-07-06 13:30:43','0'),
('69','9','1976-06-27 13:07:55','2009-08-17 09:47:52','0'),
('70','10','2019-07-16 04:42:55','2013-06-02 13:47:43','0'),
('71','11','1990-11-27 17:59:20','1991-12-23 19:18:46','0'),
('72','12','1989-04-15 22:22:56','1994-07-07 15:32:15','0'),
('73','13','2019-02-13 07:38:33','2017-08-22 03:00:51','0'),
('74','14','1982-04-19 20:04:11','1974-09-22 19:20:19','0'),
('75','15','2012-03-23 02:53:18','1980-01-20 18:26:38','0'),
('76','16','1975-03-01 10:55:08','2006-05-09 17:16:17','0'),
('77','17','2012-04-21 16:55:03','1972-02-12 21:57:40','0'),
('78','18','1993-02-03 14:46:49','1980-11-30 09:04:36','0'),
('79','19','1998-05-26 18:06:50','2016-09-21 06:05:49','0'),
('80','20','1976-04-08 16:22:42','1987-04-13 21:43:28','0'),
('81','1','2020-06-24 17:29:50','1983-10-25 08:54:18','0'),
('82','2','2000-10-01 06:04:18','1991-06-07 02:46:33','0'),
('83','3','1983-06-04 16:30:37','1974-06-18 16:58:28','0'),
('84','4','2017-12-01 10:54:22','2012-01-03 09:57:33','0'),
('85','5','1991-02-27 02:24:27','1973-08-07 21:32:40','0'),
('86','6','1985-10-08 12:57:09','1992-01-25 01:18:02','0'),
('87','7','2005-09-07 17:14:54','2007-01-03 17:22:09','0'),
('88','8','2000-04-15 05:47:22','2003-10-29 13:02:54','0'),
('89','9','1972-02-23 14:37:53','1998-05-02 17:57:24','0'),
('90','10','1984-11-14 11:15:41','1976-08-15 09:48:41','0'),
('91','11','2018-09-23 17:37:33','1987-06-10 15:11:24','0'),
('92','12','1984-05-28 17:49:10','1984-10-06 11:00:17','0'),
('93','13','2001-11-04 14:13:51','2014-05-22 13:23:34','0'),
('94','14','1981-10-30 04:47:27','1994-08-30 23:58:24','0'),
('95','15','1972-11-28 22:10:34','2011-06-19 23:42:58','0'),
('96','16','1997-10-21 23:45:58','1988-04-30 18:33:11','0'),
('97','17','2019-05-20 08:01:20','1991-02-06 03:54:20','0'),
('98','18','1987-03-01 09:44:03','1996-10-05 16:00:04','0'),
('99','19','1971-03-26 16:10:41','2007-06-02 08:16:46','0'),
('100','20','1984-12-16 14:01:28','2012-02-13 21:14:53','0'); 


DROP TABLE IF EXISTS `orders_products`;
CREATE TABLE `orders_products` (
  `id` bigint(20) unsigned NOT NULL AUTO_INCREMENT,
  `order_id` bigint(20) unsigned NOT NULL,
  `product_id` bigint(20) unsigned NOT NULL,
  `total` int(10) unsigned DEFAULT 1 COMMENT 'Количество заказанных товарных позиций',
  `created_at` datetime DEFAULT current_timestamp(),
  `updated_at` datetime DEFAULT current_timestamp() ON UPDATE current_timestamp(),
  `is_delete` bit(1) DEFAULT b'0',
  PRIMARY KEY (`order_id`,`product_id`),
  UNIQUE KEY `id` (`id`),
  KEY `product_id` (`product_id`),
  CONSTRAINT `orders_products_ibfk_1` FOREIGN KEY (`order_id`) REFERENCES `orders` (`id`),
  CONSTRAINT `orders_products_ibfk_2` FOREIGN KEY (`product_id`) REFERENCES `products` (`id`)
) ENGINE=InnoDB AUTO_INCREMENT=101 DEFAULT CHARSET=utf8 COLLATE=utf8_unicode_ci COMMENT='Состав заказа';

INSERT INTO `orders_products` VALUES ('1','1','1','1','2018-06-08 18:33:46','1998-09-21 03:42:12','0'),
('2','2','2','1','1996-06-18 09:02:13','2020-03-26 05:56:12','1'),
('3','3','3','1','2011-07-29 03:34:36','1978-04-26 13:36:57','1'),
('4','4','4','1','2000-05-23 14:53:14','1981-02-25 05:25:59','0'),
('5','5','5','1','1971-06-19 19:36:11','2013-03-17 11:28:58','1'),
('6','6','6','1','1979-05-14 15:05:23','1997-05-23 02:01:41','0'),
('7','7','7','1','1979-08-29 10:08:42','2003-10-06 06:48:30','0'),
('8','8','8','1','1990-03-20 04:02:35','1997-04-08 12:33:01','1'),
('9','9','9','1','1987-09-06 13:11:10','1977-10-01 01:42:01','0'),
('10','10','10','1','1979-12-29 04:04:58','2013-08-18 15:00:43','1'),
('11','11','11','1','1994-06-14 11:31:38','1976-02-20 18:01:41','1'),
('12','12','12','1','1973-08-02 11:06:53','1996-09-11 01:18:04','1'),
('13','13','13','1','2002-07-23 06:35:07','1980-07-04 19:26:39','0'),
('14','14','14','1','1997-06-23 13:49:17','1974-09-17 07:10:14','1'),
('15','15','15','1','1971-07-17 08:54:26','1978-03-07 13:31:50','1'),
('16','16','16','1','1980-07-19 01:15:07','1996-09-03 19:37:33','1'),
('17','17','17','1','2018-06-26 23:20:47','2017-09-05 01:42:28','1'),
('18','18','18','1','1982-07-23 06:34:47','1992-10-30 02:26:18','0'),
('19','19','19','1','2015-11-23 09:12:56','1974-08-20 20:30:46','1'),
('20','20','20','1','1992-11-19 11:36:07','1984-07-26 12:52:42','1'),
('21','21','21','1','1973-04-05 10:02:52','1990-07-07 04:03:14','1'),
('22','22','22','1','1975-07-05 12:23:37','1995-08-17 00:00:15','0'),
('23','23','23','1','2019-08-30 23:09:28','1974-02-23 05:50:14','1'),
('24','24','24','1','1977-03-19 14:54:24','1974-08-30 09:51:45','0'),
('25','25','25','1','2002-12-07 09:01:19','2012-12-27 18:22:58','1'),
('26','26','26','1','2020-06-16 08:57:48','1993-01-09 16:46:01','0'),
('27','27','27','1','1977-10-01 02:00:27','2020-01-30 23:11:41','0'),
('28','28','28','1','1986-06-18 21:05:23','2006-08-19 11:45:55','0'),
('29','29','29','1','1979-09-07 13:46:30','1987-06-20 07:12:06','0'),
('30','30','30','1','2009-06-21 16:37:26','1988-05-30 10:02:40','0'),
('31','31','31','1','1980-09-11 17:58:32','1972-01-15 22:24:06','0'),
('32','32','32','1','2005-11-23 06:16:55','1991-07-01 04:29:30','1'),
('33','33','33','1','1982-09-09 22:47:52','1978-01-10 13:06:14','1'),
('34','34','34','1','2018-09-21 18:50:28','2002-06-30 20:09:29','0'),
('35','35','35','1','1975-05-06 07:29:34','1980-05-03 09:48:29','1'),
('36','36','36','1','2012-01-21 16:20:48','1983-06-30 23:18:29','0'),
('37','37','37','1','1996-09-12 17:29:46','2011-10-26 07:25:30','0'),
('38','38','38','1','1981-04-23 02:37:31','1998-01-28 02:59:37','0'),
('39','39','39','1','1999-08-17 19:44:17','2007-12-04 11:05:00','1'),
('40','40','40','1','2000-01-15 10:01:54','1998-03-02 01:35:35','1'),
('41','41','41','1','1980-09-04 08:18:17','1985-06-22 00:42:11','1'),
('42','42','42','1','2007-11-30 00:52:57','1990-09-02 04:35:33','0'),
('43','43','43','1','2013-03-28 05:28:23','1983-09-27 01:03:48','1'),
('44','44','44','1','2018-03-18 00:14:54','1986-04-10 10:02:41','1'),
('45','45','45','1','1985-09-23 06:09:03','1987-04-14 03:12:46','1'),
('46','46','46','1','1976-09-07 11:05:38','1983-01-15 14:33:19','0'),
('47','47','47','1','1972-10-13 08:27:42','2018-08-14 08:45:42','1'),
('48','48','48','1','2007-04-15 23:12:47','1977-10-07 15:43:43','1'),
('49','49','49','1','2011-04-15 17:17:17','1980-12-18 03:29:35','0'),
('50','50','50','1','1991-12-07 23:10:29','2010-10-17 00:49:15','0'),
('51','51','51','1','2011-08-31 08:49:47','1977-05-14 11:38:58','0'),
('52','52','52','1','1973-10-19 10:06:49','2016-08-02 18:48:56','1'),
('53','53','53','1','2009-11-05 20:15:36','1993-03-31 00:44:09','1'),
('54','54','54','1','2014-11-25 01:03:04','1997-12-10 17:07:52','1'),
('55','55','55','1','2003-02-14 21:54:02','2011-09-18 12:16:09','0'),
('56','56','56','1','1974-09-29 01:48:44','1999-05-28 16:59:22','1'),
('57','57','57','1','2019-02-09 07:34:23','1987-01-14 20:13:41','1'),
('58','58','58','1','1999-01-21 09:06:53','2000-01-22 13:02:03','0'),
('59','59','59','1','1976-12-20 16:58:52','1988-04-18 18:40:33','1'),
('60','60','60','1','1970-01-22 05:01:28','2008-01-02 16:20:53','1'),
('61','61','61','1','1973-04-01 18:53:29','1994-08-24 19:30:09','1'),
('62','62','62','1','2003-08-22 12:54:17','1974-02-15 17:39:20','0'),
('63','63','63','1','1999-01-03 04:31:55','1997-04-06 01:52:59','1'),
('64','64','64','1','2018-05-20 20:22:05','2017-04-03 19:27:25','1'),
('65','65','65','1','2016-07-05 05:33:21','2006-08-17 07:19:27','1'),
('66','66','66','1','1996-07-27 21:28:31','1973-12-20 15:48:53','1'),
('67','67','67','1','1987-11-24 12:17:34','1992-11-08 09:06:46','0'),
('68','68','68','1','1991-12-05 16:47:20','1979-01-25 00:53:21','0'),
('69','69','69','1','1985-05-11 14:41:38','2006-06-16 01:51:12','1'),
('70','70','70','1','2004-11-26 04:40:25','1979-04-26 20:05:34','1'),
('71','71','71','1','1996-06-03 21:56:24','1985-12-14 15:12:02','0'),
('72','72','72','1','2004-12-27 00:08:57','2018-07-06 10:54:29','0'),
('73','73','73','1','2005-02-20 22:40:03','2006-06-14 07:43:51','1'),
('74','74','74','1','1974-01-23 18:06:16','1982-07-15 07:23:24','1'),
('75','75','75','1','1991-07-25 06:23:18','1993-08-17 18:56:00','0'),
('76','76','76','1','2004-03-15 19:34:46','2018-10-10 15:41:11','0'),
('77','77','77','1','2012-07-12 09:37:42','2016-05-08 01:55:18','0'),
('78','78','78','1','2008-12-16 23:23:35','1986-03-27 00:17:05','0'),
('79','79','79','1','2009-09-24 23:57:12','1993-11-01 04:42:22','1'),
('80','80','80','1','2001-09-07 13:33:34','1990-10-18 10:58:07','0'),
('81','81','81','1','2015-11-17 21:11:38','1976-07-23 16:06:58','0'),
('82','82','82','1','2002-07-19 09:43:19','1977-07-08 06:40:39','0'),
('83','83','83','1','2000-02-29 14:25:57','1991-12-18 22:18:28','0'),
('84','84','84','1','2004-03-22 10:25:26','1999-11-28 07:34:46','1'),
('85','85','85','1','1999-06-22 10:06:25','1975-01-19 10:56:08','1'),
('86','86','86','1','2006-04-13 05:37:48','1977-07-20 13:42:43','0'),
('87','87','87','1','2011-05-22 13:18:56','2014-06-24 06:58:14','0'),
('88','88','88','1','2007-03-26 15:27:03','2014-11-30 16:39:30','0'),
('89','89','89','1','1989-12-25 11:09:56','1981-07-11 13:10:54','0'),
('90','90','90','1','2009-10-15 18:02:57','1978-07-23 17:59:10','1'),
('91','91','91','1','2015-04-04 23:56:52','2016-11-06 07:13:49','1'),
('92','92','92','1','1972-06-30 10:11:57','1979-03-21 21:26:40','1'),
('93','93','93','1','1996-06-19 09:27:06','1995-05-09 10:30:50','1'),
('94','94','94','1','1975-09-17 16:51:35','2018-12-30 22:53:10','1'),
('95','95','95','1','2019-06-10 08:51:25','1999-10-19 00:30:38','0'),
('96','96','96','1','2007-05-26 17:58:23','1980-08-29 06:05:54','0'),
('97','97','97','1','2007-12-30 04:01:24','1990-01-21 21:05:57','0'),
('98','98','98','1','2009-04-10 15:13:35','2006-05-10 04:34:11','1'),
('99','99','99','1','1999-09-14 01:52:24','2014-06-14 09:26:46','0'),
('100','100','100','1','1981-05-19 23:59:05','1987-02-09 09:05:21','0'); 


DROP TABLE IF EXISTS `products`;
CREATE TABLE `products` (
  `id` bigint(20) unsigned NOT NULL AUTO_INCREMENT,
  `name` varchar(255) COLLATE utf8_unicode_ci DEFAULT NULL COMMENT 'Название товара',
  `discription` text COLLATE utf8_unicode_ci DEFAULT NULL COMMENT 'Описание',
  `price` decimal(11,2) DEFAULT NULL COMMENT 'Цена',
  `catalog_id` bigint(20) unsigned NOT NULL,
  `created_at` datetime DEFAULT current_timestamp(),
  `updated_at` datetime DEFAULT current_timestamp() ON UPDATE current_timestamp(),
  `is_delete` bit(1) DEFAULT b'0',
  UNIQUE KEY `id` (`id`),
  KEY `products_name_idx` (`name`) COMMENT 'Индекс для поиска по наименованию товара',
  KEY `catalog_id` (`catalog_id`),
  CONSTRAINT `products_ibfk_1` FOREIGN KEY (`catalog_id`) REFERENCES `catalogs` (`id`)
) ENGINE=InnoDB AUTO_INCREMENT=101 DEFAULT CHARSET=utf8 COLLATE=utf8_unicode_ci COMMENT='Товарные позиции';

INSERT INTO `products` VALUES ('1','eius',NULL,'84824.95','1','1996-10-22 15:27:00','1977-02-22 21:31:02','0'),
('2','quasi',NULL,'54735.73','2','1988-11-05 19:50:55','2001-10-17 13:00:05','0'),
('3','quis',NULL,'73559.23','3','2005-02-26 17:04:58','1972-02-27 10:55:08','0'),
('4','hic',NULL,'96099.68','4','2015-01-05 22:21:59','1991-10-07 23:07:10','0'),
('5','dolore',NULL,'27911.60','5','2002-05-17 07:37:48','1988-10-11 21:17:43','0'),
('6','voluptatem',NULL,'97131.06','6','1974-07-14 14:51:04','1973-08-14 02:33:04','0'),
('7','qui',NULL,'96612.37','7','2001-11-23 06:57:31','2016-05-03 00:16:21','0'),
('8','dolorem',NULL,'73684.01','8','1977-01-24 19:57:56','1977-09-14 12:43:45','0'),
('9','natus',NULL,'56998.52','9','2008-09-15 16:51:51','1979-03-31 01:05:23','0'),
('10','eaque',NULL,'88794.13','10','2008-03-03 23:11:04','1996-02-22 06:42:31','0'),
('11','nisi',NULL,'6670.57','1','1979-10-11 00:17:23','1977-10-08 14:37:40','0'),
('12','eius',NULL,'20362.26','2','2003-08-30 11:06:27','1992-07-30 10:01:27','0'),
('13','dicta',NULL,'58291.24','3','1988-11-22 19:36:53','1970-12-05 15:00:33','0'),
('14','libero',NULL,'99854.87','4','1988-01-10 03:18:46','1981-04-27 09:43:19','0'),
('15','suscipit',NULL,'57891.00','5','1977-09-20 07:36:25','1974-06-15 22:38:58','0'),
('16','et',NULL,'74589.44','6','2008-12-20 04:59:59','1979-11-22 08:45:02','0'),
('17','et',NULL,'50101.25','7','1981-02-22 20:14:36','2008-03-17 09:42:16','0'),
('18','enim',NULL,'22007.12','8','1981-05-06 22:22:06','1981-04-22 01:43:12','0'),
('19','et',NULL,'22214.66','9','2020-02-27 06:24:11','2012-05-19 07:36:35','0'),
('20','voluptatem',NULL,'63405.22','10','2011-12-18 01:37:01','1971-07-25 07:01:28','0'),
('21','et',NULL,'10997.93','1','2010-12-09 09:52:08','2011-11-25 20:44:42','0'),
('22','minima',NULL,'59828.23','2','2016-07-23 16:58:08','1984-10-08 18:37:05','0'),
('23','soluta',NULL,'13374.70','3','2014-01-24 16:42:37','1994-03-18 08:32:18','0'),
('24','sunt',NULL,'42285.88','4','1970-05-12 14:59:34','2010-08-08 13:29:04','0'),
('25','non',NULL,'5757.50','5','1974-07-12 09:42:15','1992-03-20 00:08:54','0'),
('26','omnis',NULL,'39489.48','6','1996-05-24 04:06:33','2004-10-01 10:06:40','0'),
('27','et',NULL,'75302.17','7','2018-04-03 09:49:16','1974-09-08 20:17:26','0'),
('28','est',NULL,'22710.60','8','2007-04-29 02:02:02','1999-03-30 16:56:07','0'),
('29','porro',NULL,'10220.81','9','1973-07-14 20:48:40','2006-11-14 18:25:50','0'),
('30','repellat',NULL,'31287.87','10','2017-06-21 20:21:13','2011-10-01 16:47:35','0'),
('31','architecto',NULL,'97974.92','1','2005-12-04 23:41:42','1971-09-25 15:17:14','0'),
('32','dolor',NULL,'21911.08','2','1987-08-15 08:22:01','1990-02-28 01:04:15','0'),
('33','autem',NULL,'79491.91','3','2013-02-12 07:14:41','1993-11-17 19:58:13','0'),
('34','consectetur',NULL,'21700.44','4','1975-10-12 00:43:58','1995-05-09 20:04:38','0'),
('35','laudantium',NULL,'90427.59','5','2007-12-28 17:41:39','1990-02-12 18:19:08','0'),
('36','consequatur',NULL,'87888.17','6','2009-11-22 04:20:21','1995-07-10 23:11:15','0'),
('37','qui',NULL,'89015.00','7','2017-01-07 15:58:23','2001-07-19 18:34:48','0'),
('38','dolores',NULL,'67417.54','8','2011-01-12 00:40:17','2019-01-28 23:45:10','0'),
('39','eos',NULL,'58893.86','9','1979-12-20 10:27:09','1984-03-12 02:24:49','0'),
('40','laboriosam',NULL,'29033.54','10','2005-06-09 22:51:51','1975-12-14 02:38:52','0'),
('41','libero',NULL,'98077.42','1','1974-04-30 23:29:24','1996-09-02 07:25:45','0'),
('42','corporis',NULL,'53920.88','2','2003-04-17 19:28:47','1972-08-08 12:17:46','0'),
('43','perspiciatis',NULL,'50487.26','3','1983-12-14 14:49:06','1985-12-24 15:12:08','0'),
('44','et',NULL,'7511.39','4','1970-04-06 21:31:49','1970-04-24 20:16:11','0'),
('45','ut',NULL,'59439.06','5','1993-07-02 10:05:20','2019-07-10 12:02:10','0'),
('46','qui',NULL,'84232.89','6','1976-04-09 09:30:06','1988-11-23 14:13:46','0'),
('47','pariatur',NULL,'80126.52','7','2008-06-13 06:55:53','1983-11-06 22:42:18','0'),
('48','ad',NULL,'78288.97','8','2008-03-16 15:36:29','2018-06-10 06:57:41','0'),
('49','tempora',NULL,'93882.45','9','1985-05-21 02:01:04','1971-12-03 07:47:11','0'),
('50','ut',NULL,'4141.15','10','2000-04-24 02:15:00','1989-03-17 14:52:02','0'),
('51','sed',NULL,'86950.30','1','1974-09-22 17:19:40','2008-09-09 11:47:33','0'),
('52','voluptatem',NULL,'96762.00','2','2018-01-10 07:32:57','2007-07-07 02:59:58','0'),
('53','dolore',NULL,'59681.33','3','1993-08-14 06:52:28','2007-12-29 12:23:51','0'),
('54','molestiae',NULL,'20963.32','4','1976-09-21 16:27:46','1970-08-01 07:16:36','0'),
('55','quod',NULL,'10559.60','5','1970-06-12 21:27:23','1974-10-23 20:46:21','0'),
('56','veritatis',NULL,'79874.27','6','1985-08-21 06:01:53','2009-07-26 21:57:42','0'),
('57','asperiores',NULL,'47476.70','7','1976-03-21 15:23:28','2011-05-01 15:02:27','0'),
('58','ratione',NULL,'25706.91','8','1980-09-06 14:38:05','2009-03-07 13:57:02','0'),
('59','consequuntur',NULL,'40083.80','9','1988-09-23 04:58:50','1993-04-08 05:18:36','0'),
('60','impedit',NULL,'58381.71','10','2017-06-28 07:45:52','2006-10-31 01:36:01','0'),
('61','quam',NULL,'71819.49','1','1999-11-14 23:59:16','1994-07-29 12:11:39','0'),
('62','debitis',NULL,'1622.55','2','2014-04-16 13:30:22','1981-11-28 22:31:16','0'),
('63','qui',NULL,'17231.03','3','1973-12-18 22:32:57','1999-09-10 02:53:02','0'),
('64','autem',NULL,'96639.73','4','2011-05-23 02:02:56','2004-03-18 23:05:04','0'),
('65','modi',NULL,'7241.56','5','1973-12-24 16:07:02','1982-06-14 09:37:14','0'),
('66','est',NULL,'74403.84','6','1993-04-23 05:07:17','2011-10-03 10:32:21','0'),
('67','delectus',NULL,'15947.51','7','1992-09-17 06:08:37','1978-03-17 20:11:46','0'),
('68','sunt',NULL,'39601.60','8','1986-08-31 00:35:28','1998-07-26 01:49:36','0'),
('69','sunt',NULL,'21263.78','9','1993-02-09 06:51:29','2019-03-25 12:23:08','0'),
('70','quaerat',NULL,'51750.52','10','1971-12-07 02:18:23','2013-03-28 08:41:47','0'),
('71','cumque',NULL,'90147.22','1','1978-09-04 19:12:32','1984-04-18 04:40:57','0'),
('72','beatae',NULL,'42960.90','2','1980-05-29 13:01:48','1995-03-26 20:08:26','0'),
('73','sapiente',NULL,'90939.55','3','2013-02-01 13:59:06','1980-04-20 07:04:43','0'),
('74','ut',NULL,'30319.41','4','2012-05-29 18:17:47','2000-11-19 12:46:24','0'),
('75','rerum',NULL,'33882.92','5','2009-05-26 23:19:31','1971-09-03 06:12:02','0'),
('76','neque',NULL,'32591.64','6','2019-11-25 14:36:02','1987-09-11 07:49:47','0'),
('77','deleniti',NULL,'73672.16','7','1976-11-24 17:14:50','1985-11-07 07:21:26','0'),
('78','quam',NULL,'32820.24','8','1996-08-13 08:01:29','2015-03-08 09:15:44','0'),
('79','itaque',NULL,'52030.05','9','1984-01-27 13:28:37','1973-08-10 15:48:25','0'),
('80','perferendis',NULL,'90076.19','10','1984-07-03 23:59:33','1987-05-18 13:36:49','0'),
('81','neque',NULL,'26558.52','1','1996-03-22 04:03:15','1976-01-14 13:09:23','0'),
('82','qui',NULL,'56448.86','2','1980-10-28 04:05:16','2007-10-21 10:02:04','0'),
('83','incidunt',NULL,'83065.87','3','1977-12-20 11:05:32','2015-03-31 23:15:26','0'),
('84','fugiat',NULL,'98714.34','4','2007-03-19 01:37:37','2017-02-07 11:41:26','0'),
('85','deleniti',NULL,'11339.85','5','2016-07-20 06:24:18','2009-08-03 00:41:39','0'),
('86','minus',NULL,'84752.50','6','1976-04-30 02:02:42','1970-03-03 15:26:05','0'),
('87','repellendus',NULL,'12659.10','7','1988-11-12 02:43:00','1970-08-28 20:24:37','0'),
('88','et',NULL,'92411.94','8','2006-11-21 11:13:40','2015-10-13 16:06:15','0'),
('89','mollitia',NULL,'86042.44','9','1991-10-10 05:55:56','1998-03-11 04:29:11','0'),
('90','nam',NULL,'12509.04','10','1977-06-18 15:36:46','1973-11-14 12:12:20','0'),
('91','saepe',NULL,'95551.34','1','1975-02-12 18:45:29','2004-11-30 20:06:43','0'),
('92','eum',NULL,'63573.03','2','1970-03-17 11:36:46','2014-11-26 05:48:59','0'),
('93','id',NULL,'5127.20','3','1997-09-27 06:36:08','1973-01-24 01:02:50','0'),
('94','in',NULL,'43187.93','4','1971-07-23 21:07:01','1998-12-15 16:32:16','0'),
('95','quia',NULL,'75267.34','5','2005-01-26 11:27:35','2010-12-27 09:23:30','0'),
('96','ipsa',NULL,'90954.80','6','1984-01-01 06:53:50','2001-12-08 01:24:59','0'),
('97','nobis',NULL,'27029.23','7','1993-05-04 22:49:07','1987-08-29 17:12:01','0'),
('98','nostrum',NULL,'25392.44','8','1984-06-01 10:51:35','2004-11-17 03:53:54','0'),
('99','nam',NULL,'98925.62','9','1986-08-16 02:40:21','1993-09-23 13:44:25','0'),
('100','repellat',NULL,'23289.30','10','1972-10-12 06:19:07','2019-12-14 18:54:07','0'); 


DROP TABLE IF EXISTS `staff`;
CREATE TABLE `staff` (
  `id` bigint(20) unsigned NOT NULL AUTO_INCREMENT,
  `storehouses_id` bigint(20) unsigned NOT NULL,
  `name` varchar(255) COLLATE utf8_unicode_ci DEFAULT NULL COMMENT 'Имя сотрудника',
  `birthday_at` date DEFAULT NULL COMMENT 'Дата сотрудника',
  `email` varchar(100) COLLATE utf8_unicode_ci DEFAULT NULL,
  `password_hash` varchar(100) COLLATE utf8_unicode_ci DEFAULT NULL,
  `phone` bigint(20) unsigned DEFAULT NULL,
  `created_at` datetime DEFAULT current_timestamp(),
  `updated_at` datetime DEFAULT current_timestamp() ON UPDATE current_timestamp(),
  `is_delete` bit(1) DEFAULT b'0',
  UNIQUE KEY `id` (`id`),
  UNIQUE KEY `email` (`email`),
  KEY `storehouses_id` (`storehouses_id`),
  CONSTRAINT `staff_ibfk_1` FOREIGN KEY (`storehouses_id`) REFERENCES `storehouses` (`id`)
) ENGINE=InnoDB AUTO_INCREMENT=8 DEFAULT CHARSET=utf8 COLLATE=utf8_unicode_ci COMMENT='Сотрудники';

INSERT INTO `staff` VALUES ('1','1','est','1999-02-23','epollich@example.net','48b44d472b53b9f4ddf51c347a8b0e46218feb51','89837043134','1988-01-07 04:18:18','1989-10-22 11:18:21','1'),
('2','2','quibusdam','1979-05-12','keanu89@example.net','d90d85936c340b3a1dfbbc5b76022b8142c63368','89016489630','2002-06-03 15:05:16','1992-09-15 16:39:31','1'),
('3','3','ea','1986-06-20','bwhite@example.org','55a8c884c943b40f2573656c417579ef4b3ae77d','89066273673','1978-09-29 04:29:41','1985-04-09 20:42:09','1'),
('4','1','excepturi','2004-10-13','eboyer@example.com','28877c2e0549a96cfad888d90f357030784bd87d','89199684389','1977-10-02 06:41:45','1980-05-30 19:27:22','0'),
('5','2','facilis','1988-03-29','mueller.makenna@example.org','a6b10ad66e689b428a0dfa5c744f60c5e0550986','89780028532','1978-09-07 17:20:48','1981-08-31 07:34:00','1'),
('6','3','et','1985-12-06','zheathcote@example.net','55b12f68933ad6440e8d7f1573136515f1f4b034','89971879232','1972-04-29 16:48:59','2011-01-05 18:33:43','1'),
('7','1','repellat','1970-10-27','nroberts@example.com','883d8b13c407df8fd259e157aef1de589a8ffed6','89786222224','2003-10-22 08:03:55','2005-10-07 21:24:07','1'); 


DROP TABLE IF EXISTS `staff_profiles`;
CREATE TABLE `staff_profiles` (
  `staff_id` bigint(20) unsigned NOT NULL,
  `gender` char(1) COLLATE utf8_unicode_ci DEFAULT NULL,
  `hometouwn` varchar(100) COLLATE utf8_unicode_ci DEFAULT NULL,
  `created_at` datetime DEFAULT current_timestamp(),
  `updated_at` datetime DEFAULT current_timestamp() ON UPDATE current_timestamp(),
  `is_delete` bit(1) DEFAULT b'0',
  KEY `staff_id` (`staff_id`),
  CONSTRAINT `staff_profiles_ibfk_1` FOREIGN KEY (`staff_id`) REFERENCES `staff` (`id`)
) ENGINE=InnoDB DEFAULT CHARSET=utf8 COLLATE=utf8_unicode_ci COMMENT='Профили сотрудников';

INSERT INTO `staff_profiles` VALUES ('1',NULL,NULL,'1990-02-27 06:15:09','2010-03-19 06:15:39','0'),
('2',NULL,NULL,'1977-11-05 11:24:59','2010-08-16 20:23:06','0'),
('3',NULL,NULL,'1977-09-27 14:25:49','1992-11-18 11:56:45','0'),
('4',NULL,NULL,'2012-07-12 18:03:34','1972-12-24 14:31:37','0'),
('5',NULL,NULL,'1971-05-06 22:40:09','2008-07-17 17:34:06','1'),
('6',NULL,NULL,'1979-01-16 15:53:55','1976-09-10 05:16:24','1'),
('7',NULL,NULL,'1987-08-02 21:56:29','1982-04-19 01:42:58','0'); 


DROP TABLE IF EXISTS `storehouses`;
CREATE TABLE `storehouses` (
  `id` bigint(20) unsigned NOT NULL AUTO_INCREMENT,
  `name` varchar(255) COLLATE utf8_unicode_ci DEFAULT NULL COMMENT 'Название',
  `created_at` datetime DEFAULT current_timestamp(),
  `updated_at` datetime DEFAULT current_timestamp() ON UPDATE current_timestamp(),
  `is_delete` bit(1) DEFAULT b'0',
  UNIQUE KEY `id` (`id`)
) ENGINE=InnoDB AUTO_INCREMENT=4 DEFAULT CHARSET=utf8 COLLATE=utf8_unicode_ci COMMENT='Склады';

INSERT INTO `storehouses` VALUES ('1','et','1998-12-16 19:34:08','1984-06-14 23:51:19','0'),
('2','autem','1998-01-26 08:18:51','1990-05-09 16:55:30','0'),
('3','ducimus','2002-06-13 22:05:47','2018-07-04 01:26:26','0'); 


DROP TABLE IF EXISTS `storehouses_products`;
CREATE TABLE `storehouses_products` (
  `id` bigint(20) unsigned NOT NULL AUTO_INCREMENT,
  `storehouses_id` bigint(20) unsigned NOT NULL,
  `product_id` bigint(20) unsigned NOT NULL,
  `value` int(10) unsigned DEFAULT NULL COMMENT 'Остаток товарной позиции на складе',
  `created_at` datetime DEFAULT current_timestamp(),
  `updated_at` datetime DEFAULT current_timestamp() ON UPDATE current_timestamp(),
  UNIQUE KEY `id` (`id`),
  KEY `storehouses_id` (`storehouses_id`),
  KEY `product_id` (`product_id`),
  CONSTRAINT `storehouses_products_ibfk_1` FOREIGN KEY (`storehouses_id`) REFERENCES `storehouses` (`id`),
  CONSTRAINT `storehouses_products_ibfk_2` FOREIGN KEY (`product_id`) REFERENCES `products` (`id`)
) ENGINE=InnoDB AUTO_INCREMENT=101 DEFAULT CHARSET=utf8 COLLATE=utf8_unicode_ci COMMENT='Остатки на складе';

INSERT INTO `storehouses_products` VALUES ('1','1','1',NULL,'2014-02-21 04:23:18','1974-07-27 23:07:39'),
('2','2','2',NULL,'1991-01-19 07:57:43','1998-08-08 10:08:04'),
('3','3','3',NULL,'1978-05-30 04:20:15','1985-05-29 06:11:57'),
('4','1','4',NULL,'1975-10-22 09:16:49','2017-10-24 09:46:30'),
('5','2','5',NULL,'1991-01-11 11:22:31','2018-11-09 12:33:15'),
('6','3','6',NULL,'2002-10-04 06:17:27','2006-01-20 10:38:03'),
('7','1','7',NULL,'2000-12-26 11:58:25','2018-02-25 19:09:19'),
('8','2','8',NULL,'1971-06-23 16:31:27','1987-11-25 03:23:56'),
('9','3','9',NULL,'1975-07-04 03:30:29','2007-12-19 12:00:37'),
('10','1','10',NULL,'2018-10-09 11:18:19','2013-05-03 20:52:35'),
('11','2','11',NULL,'1981-09-23 03:32:26','1988-12-12 02:48:40'),
('12','3','12',NULL,'1979-08-29 15:05:54','1981-08-07 00:11:11'),
('13','1','13',NULL,'1970-08-03 12:11:34','1985-05-28 00:32:13'),
('14','2','14',NULL,'2003-11-20 04:50:52','1999-02-19 10:58:50'),
('15','3','15',NULL,'2020-03-25 18:55:08','2008-09-30 04:15:21'),
('16','1','16',NULL,'1986-01-17 18:22:33','1979-05-13 21:47:57'),
('17','2','17',NULL,'1989-04-29 00:50:30','2007-03-11 20:17:10'),
('18','3','18',NULL,'1990-08-21 07:34:37','2019-09-09 04:50:57'),
('19','1','19',NULL,'1995-07-25 06:47:47','2019-01-04 20:33:48'),
('20','2','20',NULL,'2007-01-18 20:14:00','2018-10-20 05:08:32'),
('21','3','21',NULL,'1998-02-23 09:21:27','2003-03-13 06:20:26'),
('22','1','22',NULL,'2011-07-24 04:23:47','1988-11-28 12:20:15'),
('23','2','23',NULL,'2007-10-26 05:49:47','1977-03-01 17:15:47'),
('24','3','24',NULL,'1974-02-01 09:17:30','2010-08-13 21:43:28'),
('25','1','25',NULL,'1978-05-02 16:27:17','1972-10-14 03:11:36'),
('26','2','26',NULL,'2017-08-20 15:43:42','1987-10-24 23:01:02'),
('27','3','27',NULL,'2007-03-31 11:50:19','2004-07-06 14:38:07'),
('28','1','28',NULL,'1976-07-11 05:32:53','2007-12-06 10:47:12'),
('29','2','29',NULL,'2018-07-31 05:57:55','2019-11-21 11:21:01'),
('30','3','30',NULL,'1970-11-11 22:34:51','1975-02-17 18:14:20'),
('31','1','31',NULL,'2016-02-26 23:48:05','1986-12-30 08:16:06'),
('32','2','32',NULL,'1975-12-17 20:58:30','2006-03-26 15:59:00'),
('33','3','33',NULL,'1992-12-15 01:13:52','1986-09-29 16:52:16'),
('34','1','34',NULL,'1988-07-06 13:03:59','1992-10-27 04:58:17'),
('35','2','35',NULL,'2004-04-08 06:17:39','2001-03-25 05:58:06'),
('36','3','36',NULL,'2018-01-01 23:33:20','2006-11-08 11:57:41'),
('37','1','37',NULL,'1986-05-09 08:09:30','2016-12-03 11:28:57'),
('38','2','38',NULL,'2008-08-20 13:33:22','1984-09-01 09:26:56'),
('39','3','39',NULL,'2009-01-13 18:38:23','2008-02-03 02:48:05'),
('40','1','40',NULL,'1978-07-30 07:18:50','1976-12-27 07:13:35'),
('41','2','41',NULL,'1971-04-04 04:46:28','1979-11-15 03:04:56'),
('42','3','42',NULL,'1974-08-06 03:06:37','2011-10-08 20:38:24'),
('43','1','43',NULL,'1997-10-08 01:22:21','2009-11-24 03:28:22'),
('44','2','44',NULL,'2017-12-27 20:14:01','1976-10-14 07:41:47'),
('45','3','45',NULL,'1987-11-07 05:49:12','2003-05-11 17:01:24'),
('46','1','46',NULL,'2019-12-01 06:27:34','1970-06-18 15:26:26'),
('47','2','47',NULL,'1995-10-21 05:34:42','1996-10-03 11:22:55'),
('48','3','48',NULL,'2019-05-08 06:14:17','2020-06-06 09:33:30'),
('49','1','49',NULL,'2013-03-04 20:57:24','2018-08-26 04:20:15'),
('50','2','50',NULL,'2015-01-24 06:13:30','2001-01-01 04:21:10'),
('51','3','51',NULL,'1990-02-11 17:35:43','1971-07-17 07:15:22'),
('52','1','52',NULL,'1982-04-12 09:42:00','1986-01-16 05:12:52'),
('53','2','53',NULL,'1975-02-28 14:14:44','2002-01-18 18:35:16'),
('54','3','54',NULL,'1989-05-07 21:50:00','1995-10-19 16:08:02'),
('55','1','55',NULL,'1996-05-09 01:12:25','1977-01-26 05:08:35'),
('56','2','56',NULL,'1986-10-05 11:25:37','1981-09-03 19:47:28'),
('57','3','57',NULL,'1989-05-28 23:37:10','2008-07-23 14:19:43'),
('58','1','58',NULL,'2020-03-16 20:31:20','2018-03-08 13:31:30'),
('59','2','59',NULL,'1985-09-26 08:28:58','2006-03-09 00:55:51'),
('60','3','60',NULL,'2001-01-19 16:59:18','1988-06-23 00:53:39'),
('61','1','61',NULL,'2013-09-14 23:17:41','2000-12-02 02:36:05'),
('62','2','62',NULL,'1971-07-01 01:33:54','1989-09-24 02:21:37'),
('63','3','63',NULL,'2010-12-01 13:25:43','1993-12-24 14:28:52'),
('64','1','64',NULL,'2018-09-04 00:04:48','1996-09-15 05:13:06'),
('65','2','65',NULL,'2018-04-26 08:37:12','1992-10-20 19:29:28'),
('66','3','66',NULL,'2001-09-28 17:08:29','1990-01-13 06:06:48'),
('67','1','67',NULL,'1980-04-10 23:25:14','1978-01-20 11:58:31'),
('68','2','68',NULL,'2016-03-12 03:26:16','1980-09-17 17:31:40'),
('69','3','69',NULL,'2011-10-17 20:34:53','2019-09-11 13:38:48'),
('70','1','70',NULL,'1983-04-06 22:10:44','2002-04-19 22:14:55'),
('71','2','71',NULL,'1985-10-07 07:32:46','2001-09-06 21:22:30'),
('72','3','72',NULL,'1989-08-05 00:53:58','1985-09-27 12:48:01'),
('73','1','73',NULL,'1982-08-12 00:19:29','2018-06-17 03:21:01'),
('74','2','74',NULL,'2015-07-26 21:00:19','2003-02-15 23:30:10'),
('75','3','75',NULL,'2016-10-07 03:29:59','1979-01-31 15:49:03'),
('76','1','76',NULL,'1991-09-25 01:36:11','2004-11-24 12:10:50'),
('77','2','77',NULL,'1995-04-30 01:51:34','1981-01-17 22:21:27'),
('78','3','78',NULL,'1984-04-26 13:49:13','1977-03-08 21:09:43'),
('79','1','79',NULL,'1970-05-07 18:46:23','1990-05-22 10:49:17'),
('80','2','80',NULL,'1986-12-29 13:25:21','2009-03-09 11:20:34'),
('81','3','81',NULL,'1974-12-24 16:27:20','1980-08-13 09:44:08'),
('82','1','82',NULL,'1983-05-27 04:10:22','1998-04-10 04:29:41'),
('83','2','83',NULL,'1996-10-20 23:09:25','1972-02-04 18:56:17'),
('84','3','84',NULL,'2011-04-19 07:14:28','1982-05-23 10:15:02'),
('85','1','85',NULL,'1987-12-22 23:22:43','1998-12-02 15:01:01'),
('86','2','86',NULL,'1989-05-30 01:24:16','1971-03-27 23:12:56'),
('87','3','87',NULL,'1972-01-06 10:53:29','1994-10-10 09:45:18'),
('88','1','88',NULL,'1997-06-22 04:58:54','1994-01-17 12:51:59'),
('89','2','89',NULL,'1984-10-09 19:06:29','1981-01-21 07:10:23'),
('90','3','90',NULL,'1976-04-02 19:49:28','1990-10-31 00:30:55'),
('91','1','91',NULL,'1980-06-26 11:00:28','1993-05-29 03:26:30'),
('92','2','92',NULL,'2013-05-20 21:46:19','1974-12-28 12:13:38'),
('93','3','93',NULL,'2015-08-06 03:45:07','1990-09-13 10:21:02'),
('94','1','94',NULL,'1972-10-21 18:53:05','2015-04-13 09:28:19'),
('95','2','95',NULL,'2009-07-31 19:19:30','1995-07-30 09:03:31'),
('96','3','96',NULL,'2011-03-15 16:14:25','1978-09-11 11:35:21'),
('97','1','97',NULL,'1978-07-22 01:20:26','1995-03-25 21:14:02'),
('98','2','98',NULL,'1985-11-22 02:24:09','1993-09-13 16:20:33'),
('99','3','99',NULL,'1976-12-01 01:10:52','1994-05-07 21:31:25'),
('100','1','100',NULL,'2017-03-13 13:03:12','2003-08-06 03:24:46'); 


DROP TABLE IF EXISTS `users`;
CREATE TABLE `users` (
  `id` bigint(20) unsigned NOT NULL AUTO_INCREMENT,
  `name` varchar(255) COLLATE utf8_unicode_ci DEFAULT NULL COMMENT 'Имя покупателя',
  `birthday_at` date DEFAULT NULL COMMENT 'Дата рождения',
  `email` varchar(100) COLLATE utf8_unicode_ci DEFAULT NULL,
  `password_hash` varchar(100) COLLATE utf8_unicode_ci DEFAULT NULL,
  `phone` bigint(20) unsigned DEFAULT NULL,
  `created_at` datetime DEFAULT current_timestamp(),
  `updated_at` datetime DEFAULT current_timestamp() ON UPDATE current_timestamp(),
  `is_delete` bit(1) DEFAULT b'0',
  UNIQUE KEY `id` (`id`),
  UNIQUE KEY `email` (`email`)
) ENGINE=InnoDB AUTO_INCREMENT=21 DEFAULT CHARSET=utf8 COLLATE=utf8_unicode_ci COMMENT='Покупатели';

INSERT INTO `users` VALUES ('1','nulla','1982-07-16','gustave.boehm@example.org','6ccfeb0ec78025091486a54a147e745f19c27fc5','89087468709','2019-12-26 17:57:21','2000-04-18 21:44:30','0'),
('2','sint','2012-11-06','hermiston.art@example.org','e55330861e7216ee32b016ec3871f61d602883f5','89275686525','1984-06-15 13:48:15','2017-11-09 04:08:55','0'),
('3','nemo','2006-02-16','shanelle.kessler@example.com','372a279d39e10b61432ef42fe0e61ee0d21bb644','89086090489','1987-04-04 09:03:41','1972-02-11 03:18:43','0'),
('4','fuga','2016-08-06','shirley16@example.com','10136fe9261cbd9f6126e9887047724365b3334c','89385391494','1998-12-22 22:47:13','1977-02-16 07:11:30','0'),
('5','officia','1987-01-08','gertrude.buckridge@example.com','6ede9e1476af10e78083423b2689b61379deb035','89690676516','1989-10-31 10:58:22','2016-01-15 17:07:33','0'),
('6','expedita','1994-11-28','aryan@example.net','e03e0e6119392c3697749943fb625cae4a9d7c6d','89805249346','1974-11-05 21:19:47','1992-09-07 07:26:57','0'),
('7','quo','1982-08-24','marshall.johns@example.org','2790b3de625750f514117db2e019dbf7d58689ff','89577443902','2000-09-30 20:21:34','2020-05-17 23:28:09','0'),
('8','dicta','2006-10-09','anienow@example.org','a7fefb0361827f83f79df2070c9264a1460af9e9','89707417723','1992-06-16 08:16:34','2019-04-25 15:17:52','0'),
('9','at','2007-04-25','georgianna.lynch@example.net','48d12bffccafb5fa90b7dd668bb1e253532127a1','89063020085','1978-01-12 12:03:20','2009-10-25 20:52:19','0'),
('10','mollitia','1999-10-17','beahan.rickey@example.net','6ef8cc18db72bd36ed7177a7c4e2e48edf958e01','89717629486','1981-12-23 19:45:26','1987-12-29 05:43:06','0'),
('11','et','2004-12-06','hammes.elias@example.net','083d4b3efe2804d004b7a7587f15b53c76258615','89609584626','2015-11-21 00:46:07','1999-09-30 22:16:54','0'),
('12','occaecati','1975-02-25','dillon.weimann@example.net','18eace063f703658de307e37a1a11709c478050f','89711482809','2015-02-21 11:32:11','2011-07-24 09:24:54','0'),
('13','distinctio','2012-01-04','brenden79@example.net','8fb725cea46dee3321a2d91f1e42ecde14febd08','89215427517','2011-01-15 09:31:11','1972-03-17 19:00:06','0'),
('14','aut','1992-03-23','bergnaum.lillian@example.com','d6f90ec191961e17f82743ca6a8953b0b8d19247','89885795983','2011-07-16 07:54:16','1991-02-16 01:22:44','0'),
('15','nobis','1985-06-15','nicolas.marvin@example.com','a032f510c292e5b7bd02fc2d14b163a71601ada5','89192775486','1971-04-05 02:30:53','1980-08-22 09:02:19','0'),
('16','dolor','2008-03-06','zhamill@example.org','ab4fd6381dcde2718ddcb1e4b5ab8aec7263c97e','89845869519','1990-10-05 23:10:05','1972-02-07 03:35:34','0'),
('17','impedit','2014-11-06','okuneva.buster@example.net','2e07bcf12887ae0bf747dcf9c8380f55b34fd4da','89832868928','1973-08-12 10:02:22','1972-09-03 07:51:19','0'),
('18','dolor','2019-12-08','dickinson.leta@example.com','634f7094ceb7e0c0550930e990b482897787957b','89931057720','2002-10-20 05:16:29','1973-08-24 02:11:08','0'),
('19','voluptates','1989-01-16','else24@example.com','eab0c7ad43e24eb1e78dcac8e43fc88621038857','89228550193','2012-04-24 14:03:16','2018-02-16 12:07:50','0'),
('20','quis','2012-07-13','welch.walton@example.net','c650833f060b4a97be0dee96b5c58b0ed2c040a6','89975153259','1993-06-19 04:28:15','1985-08-08 04:04:39','0'); 

DROP TABLE IF EXISTS del_by;
CREATE TABLE del_by (
  name VARCHAR(100),
  id BIGINT,
  deleted_date DATETIME,
  deleted_by VARCHAR(100)

)  ENGINE = ARCHIVE COMMENT 'Кто удалял катологи';

DROP TABLE IF EXISTS create_users;
CREATE TABLE create_users (
	created_at DATETIME NOT NULL,
	name_by VARCHAR(45) NOT NULL,
	str_id BIGINT(20) NOT NULL,
	name_value VARCHAR(45) NOT NULL
) ENGINE = ARCHIVE COMMENT 'Кто создавал пользователей';




DROP TABLE IF EXISTS `users_profiles`;
CREATE TABLE `users_profiles` (
  `user_id` bigint(20) unsigned NOT NULL,
  `gender` char(1) COLLATE utf8_unicode_ci DEFAULT NULL,
  `hometouwn` varchar(100) COLLATE utf8_unicode_ci DEFAULT NULL,
  `created_at` datetime DEFAULT current_timestamp(),
  `updated_at` datetime DEFAULT current_timestamp() ON UPDATE current_timestamp(),
  `is_delete` bit(1) DEFAULT b'0',
  KEY `user_id` (`user_id`),
  CONSTRAINT `users_profiles_ibfk_1` FOREIGN KEY (`user_id`) REFERENCES `users` (`id`)
) ENGINE=InnoDB DEFAULT CHARSET=utf8 COLLATE=utf8_unicode_ci COMMENT='Профили покупателей';

INSERT INTO `users_profiles` VALUES ('1',NULL,NULL,'2015-08-23 14:28:06','2003-06-08 06:56:31','0'),
('2',NULL,NULL,'2015-10-12 12:32:55','2005-04-12 16:08:13','0'),
('3',NULL,NULL,'1971-03-04 03:17:30','1977-07-01 00:23:42','0'),
('4',NULL,NULL,'1997-09-24 15:10:09','1979-10-03 09:22:05','0'),
('5',NULL,NULL,'1982-05-17 02:03:10','1973-04-15 11:45:13','0'),
('6',NULL,NULL,'1996-01-23 09:26:26','2012-08-18 01:14:37','0'),
('7',NULL,NULL,'2004-12-14 17:36:53','1988-06-30 15:07:49','0'),
('8',NULL,NULL,'1975-10-29 15:28:59','1987-04-27 09:19:37','0'),
('9',NULL,NULL,'1971-08-31 23:47:07','1990-02-05 06:22:10','0'),
('10',NULL,NULL,'1972-10-07 20:56:03','1993-07-12 10:27:12','0'),
('11',NULL,NULL,'2012-11-30 09:35:07','2017-05-11 21:13:07','0'),
('12',NULL,NULL,'1984-09-20 06:41:06','2012-03-20 18:55:06','0'),
('13',NULL,NULL,'1986-04-11 15:55:10','1997-06-12 02:49:28','0'),
('14',NULL,NULL,'2016-04-17 00:26:09','1983-09-22 21:31:21','0'),
('15',NULL,NULL,'2004-08-18 03:31:21','2002-04-19 10:27:01','0'),
('16',NULL,NULL,'1971-08-07 23:21:01','2019-04-01 08:23:53','0'),
('17',NULL,NULL,'2012-01-19 10:23:48','2000-11-24 02:18:46','0'),
('18',NULL,NULL,'1970-02-22 13:01:36','2019-01-31 19:10:05','0'),
('19',NULL,NULL,'1988-07-13 18:05:15','1979-04-19 19:14:37','0'),
('20',NULL,NULL,'2004-01-01 00:25:50','1975-08-28 07:31:13','0'); 


update users_profiles
set hometouwn = 'Paris' where user_id in (1,3,5,7,9,11,13,15,17,19);

update users_profiles
set hometouwn = 'Moscou' where user_id in (2,4,6,8,10,12,14,16,18,20);

update orders_products 
set product_id = 10 where order_id in (1,4,9,10,15,20,22,27,50,77,100);

update orders_products 
set product_id = 20 where order_id in (2,5,8,13,17,21,25,29,55,70,90);

update orders_products 
set product_id = 30 where order_id in (3,7,6,14,11,19,30,33,45,73,95);

create view v_catalogs_view as select * from catalogs order by name;
create view v_catalogs_reverse_view (catalogs, catalog_id) as select name, id from catalogs;
create or replace view v_prodacts_view (id, name, price, total) as select p.id, p.name, p.price, length (name) from products as p;
create algorithm = temptable view v_catalogs_view_new as select * from catalogs;
CREATE OR REPLACE VIEW v_cat (prod_id, prod_name, catalog_name) AS
SELECT p.id AS prod_id, p.name, cat.name
FROM products AS p
LEFT JOIN catalogs AS cat 
ON p.catalog_id = cat.id;

/*!40101 SET SQL_MODE=@OLD_SQL_MODE */;
/*!40014 SET FOREIGN_KEY_CHECKS=@OLD_FOREIGN_KEY_CHECKS */;
/*!40014 SET UNIQUE_CHECKS=@OLD_UNIQUE_CHECKS */;
/*!40101 SET CHARACTER_SET_CLIENT=@OLD_CHARACTER_SET_CLIENT */;
/*!40101 SET CHARACTER_SET_RESULTS=@OLD_CHARACTER_SET_RESULTS */;
/*!40101 SET COLLATION_CONNECTION=@OLD_COLLATION_CONNECTION */;
/*!40111 SET SQL_NOTES=@OLD_SQL_NOTES */;

